--
-- PostgreSQL database dump
--

-- Dumped from database version 9.6.2
-- Dumped by pg_dump version 9.6.2

SET statement_timeout = 0;
SET lock_timeout = 0;
SET idle_in_transaction_session_timeout = 0;
SET client_encoding = 'SJIS';
SET standard_conforming_strings = on;
SET check_function_bodies = false;
SET client_min_messages = warning;
SET row_security = off;

--
-- Name: plpgsql; Type: EXTENSION; Schema: -; Owner: 
--

CREATE EXTENSION IF NOT EXISTS plpgsql WITH SCHEMA pg_catalog;


--
-- Name: EXTENSION plpgsql; Type: COMMENT; Schema: -; Owner: 
--

COMMENT ON EXTENSION plpgsql IS 'PL/pgSQL procedural language';


SET search_path = public, pg_catalog;

SET default_tablespace = '';

SET default_with_oids = false;

--
-- Name: courses; Type: TABLE; Schema: public; Owner: wspuser
--

CREATE TABLE courses (
    course_id integer NOT NULL,
    name text,
    teacher text,
    department character(2),
    grade integer,
    semester integer,
    day_of_week integer,
    hour integer,
    reg_date timestamp without time zone
);


ALTER TABLE courses OWNER TO wspuser;

--
-- Name: courses_course_id_seq; Type: SEQUENCE; Schema: public; Owner: wspuser
--

CREATE SEQUENCE courses_course_id_seq
    START WITH 1
    INCREMENT BY 1
    NO MINVALUE
    NO MAXVALUE
    CACHE 1;


ALTER TABLE courses_course_id_seq OWNER TO wspuser;

--
-- Name: courses_course_id_seq; Type: SEQUENCE OWNED BY; Schema: public; Owner: wspuser
--

ALTER SEQUENCE courses_course_id_seq OWNED BY courses.course_id;


--
-- Name: order_details; Type: TABLE; Schema: public; Owner: wspuser
--

CREATE TABLE order_details (
    order_detail_id integer NOT NULL,
    order_id integer,
    textbook_id integer,
    purchace_price integer
);


ALTER TABLE order_details OWNER TO wspuser;

--
-- Name: order_details_order_detail_id_seq; Type: SEQUENCE; Schema: public; Owner: wspuser
--

CREATE SEQUENCE order_details_order_detail_id_seq
    START WITH 1
    INCREMENT BY 1
    NO MINVALUE
    NO MAXVALUE
    CACHE 1;


ALTER TABLE order_details_order_detail_id_seq OWNER TO wspuser;

--
-- Name: order_details_order_detail_id_seq; Type: SEQUENCE OWNED BY; Schema: public; Owner: wspuser
--

ALTER SEQUENCE order_details_order_detail_id_seq OWNED BY order_details.order_detail_id;


--
-- Name: orders; Type: TABLE; Schema: public; Owner: wspuser
--

CREATE TABLE orders (
    order_id integer NOT NULL,
    student_id character(7),
    order_timestamp timestamp without time zone,
    receipt_timestamp timestamp without time zone,
    total_price integer,
    complete_flag boolean DEFAULT false,
    cancel_flag boolean DEFAULT false
);


ALTER TABLE orders OWNER TO wspuser;

--
-- Name: orders_order_id_seq; Type: SEQUENCE; Schema: public; Owner: wspuser
--

CREATE SEQUENCE orders_order_id_seq
    START WITH 1
    INCREMENT BY 1
    NO MINVALUE
    NO MAXVALUE
    CACHE 1;


ALTER TABLE orders_order_id_seq OWNER TO wspuser;

--
-- Name: orders_order_id_seq; Type: SEQUENCE OWNED BY; Schema: public; Owner: wspuser
--

ALTER SEQUENCE orders_order_id_seq OWNED BY orders.order_id;


--
-- Name: student_courses; Type: TABLE; Schema: public; Owner: wspuser
--

CREATE TABLE student_courses (
    student_course_id integer NOT NULL,
    student_id character(7),
    course_id integer,
    year integer,
    semester integer
);


ALTER TABLE student_courses OWNER TO wspuser;

--
-- Name: student_courses_student_course_id_seq; Type: SEQUENCE; Schema: public; Owner: wspuser
--

CREATE SEQUENCE student_courses_student_course_id_seq
    START WITH 1
    INCREMENT BY 1
    NO MINVALUE
    NO MAXVALUE
    CACHE 1;


ALTER TABLE student_courses_student_course_id_seq OWNER TO wspuser;

--
-- Name: student_courses_student_course_id_seq; Type: SEQUENCE OWNED BY; Schema: public; Owner: wspuser
--

ALTER SEQUENCE student_courses_student_course_id_seq OWNED BY student_courses.student_course_id;


--
-- Name: students; Type: TABLE; Schema: public; Owner: wspuser
--

CREATE TABLE students (
    student_id character(7) NOT NULL,
    name text,
    faculty character(1),
    department character(2),
    grade integer,
    password text,
    reg_date timestamp without time zone
);


ALTER TABLE students OWNER TO wspuser;

--
-- Name: textbooks; Type: TABLE; Schema: public; Owner: wspuser
--

CREATE TABLE textbooks (
    textbook_id integer NOT NULL,
    name text,
    reading text,
    course_id integer,
    price integer,
    stock integer,
    likes integer,
    dislikes integer,
    reg_date timestamp without time zone
);


ALTER TABLE textbooks OWNER TO wspuser;

--
-- Name: textbooks_textbook_id_seq; Type: SEQUENCE; Schema: public; Owner: wspuser
--

CREATE SEQUENCE textbooks_textbook_id_seq
    START WITH 1
    INCREMENT BY 1
    NO MINVALUE
    NO MAXVALUE
    CACHE 1;


ALTER TABLE textbooks_textbook_id_seq OWNER TO wspuser;

--
-- Name: textbooks_textbook_id_seq; Type: SEQUENCE OWNED BY; Schema: public; Owner: wspuser
--

ALTER SEQUENCE textbooks_textbook_id_seq OWNED BY textbooks.textbook_id;


--
-- Name: courses course_id; Type: DEFAULT; Schema: public; Owner: wspuser
--

ALTER TABLE ONLY courses ALTER COLUMN course_id SET DEFAULT nextval('courses_course_id_seq'::regclass);


--
-- Name: order_details order_detail_id; Type: DEFAULT; Schema: public; Owner: wspuser
--

ALTER TABLE ONLY order_details ALTER COLUMN order_detail_id SET DEFAULT nextval('order_details_order_detail_id_seq'::regclass);


--
-- Name: orders order_id; Type: DEFAULT; Schema: public; Owner: wspuser
--

ALTER TABLE ONLY orders ALTER COLUMN order_id SET DEFAULT nextval('orders_order_id_seq'::regclass);


--
-- Name: student_courses student_course_id; Type: DEFAULT; Schema: public; Owner: wspuser
--

ALTER TABLE ONLY student_courses ALTER COLUMN student_course_id SET DEFAULT nextval('student_courses_student_course_id_seq'::regclass);


--
-- Name: textbooks textbook_id; Type: DEFAULT; Schema: public; Owner: wspuser
--

ALTER TABLE ONLY textbooks ALTER COLUMN textbook_id SET DEFAULT nextval('textbooks_textbook_id_seq'::regclass);


--
-- Data for Name: courses; Type: TABLE DATA; Schema: public; Owner: wspuser
--

COPY courses (course_id, name, teacher, department, grade, semester, day_of_week, hour, reg_date) FROM stdin;
1	サンプル１	A先生	FI	1	1	1	1	2017-04-01 13:00:00
2	サンプル2	B先生	FI	2	1	2	2	2017-04-01 13:00:00
3	サンプル3	C先生	FI	3	2	3	3	2017-04-01 13:00:00
4	サンプル4	D先生	FI	4	2	4	3	2017-04-01 13:00:00
5	サンプル5	E先生	FI	1	1	5	1	2017-04-01 13:00:00
6	サンプル6	F先生	FI	3	2	4	2	2017-04-01 13:00:00
7	サンプル7	G先生	FI	1	1	2	3	2017-04-01 13:00:00
\.


--
-- Name: courses_course_id_seq; Type: SEQUENCE SET; Schema: public; Owner: wspuser
--

SELECT pg_catalog.setval('courses_course_id_seq', 7, true);


--
-- Data for Name: order_details; Type: TABLE DATA; Schema: public; Owner: wspuser
--

COPY order_details (order_detail_id, order_id, textbook_id, purchace_price) FROM stdin;
1	1	2	1000
2	1	7	682
3	1	4	1550
4	2	7	882
5	2	3	300
\.


--
-- Name: order_details_order_detail_id_seq; Type: SEQUENCE SET; Schema: public; Owner: wspuser
--

SELECT pg_catalog.setval('order_details_order_detail_id_seq', 5, true);


--
-- Data for Name: orders; Type: TABLE DATA; Schema: public; Owner: wspuser
--

COPY orders (order_id, student_id, order_timestamp, receipt_timestamp, total_price, complete_flag, cancel_flag) FROM stdin;
1	15FI001	2017-06-09 19:20:00	2017-06-15 19:15:00	5000	f	f
2	15FI001	2017-06-10 19:21:00	2017-06-14 19:00:00	3000	f	f
3	15FI002	2017-06-12 17:00:00	2017-06-17 15:00:00	3200	f	f
4	15FI002	2017-06-13 13:00:00	2017-06-18 11:00:00	2400	f	f
5	15FI003	2017-06-15 11:00:00	2017-06-19 09:00:00	2000	f	f
6	15FI003	2017-06-19 14:00:00	2017-06-21 16:00:00	5600	f	f
\.


--
-- Name: orders_order_id_seq; Type: SEQUENCE SET; Schema: public; Owner: wspuser
--

SELECT pg_catalog.setval('orders_order_id_seq', 6, true);


--
-- Data for Name: student_courses; Type: TABLE DATA; Schema: public; Owner: wspuser
--

COPY student_courses (student_course_id, student_id, course_id, year, semester) FROM stdin;
1	15FI001	1	2017	1
2	15FI002	2	2017	1
3	15FI003	3	2017	2
4	15FI003	4	2017	2
5	15FI001	5	2017	1
6	15FI003	6	2017	2
\.


--
-- Name: student_courses_student_course_id_seq; Type: SEQUENCE SET; Schema: public; Owner: wspuser
--

SELECT pg_catalog.setval('student_courses_student_course_id_seq', 6, true);


--
-- Data for Name: students; Type: TABLE DATA; Schema: public; Owner: wspuser
--

COPY students (student_id, name, faculty, department, grade, password, reg_date) FROM stdin;
15FI001	電大太郎	f	FI	1	pass	2017-06-09 19:15:00
15FI002	電大花子	f	FI	2	pass	2017-06-09 19:15:00
15FI003	電大次郎	f	FI	3	pass	2017-06-09 19:15:00
\.


--
-- Data for Name: textbooks; Type: TABLE DATA; Schema: public; Owner: wspuser
--

COPY textbooks (textbook_id, name, reading, course_id, price, stock, likes, dislikes, reg_date) FROM stdin;
1	教科書1	きょうかしょいち	1	1000	100	4	1	2017-04-02 10:00:00
2	教科書2	きょうかしょに	2	2000	100	1	0	2017-04-02 10:00:00
3	教科書3	きょうかしょさん	3	3000	100	1	0	2017-04-02 10:00:00
4	教科書4	きょうかしょよん	4	1500	100	1	0	2017-04-02 10:00:00
5	教科書5	きょうかしょご	5	2300	100	1	9	2017-04-02 10:00:00
6	教科書6	きょうかしょろく	6	2700	100	1	0	2017-04-02 10:00:00
7	NOと言えない日本人	のおといえないにほんじん	7	882	1234	50	40	2017-06-18 17:08:20
\.


--
-- Name: textbooks_textbook_id_seq; Type: SEQUENCE SET; Schema: public; Owner: wspuser
--

SELECT pg_catalog.setval('textbooks_textbook_id_seq', 7, true);


--
-- Name: courses courses_pkey; Type: CONSTRAINT; Schema: public; Owner: wspuser
--

ALTER TABLE ONLY courses
    ADD CONSTRAINT courses_pkey PRIMARY KEY (course_id);


--
-- Name: order_details order_details_pkey; Type: CONSTRAINT; Schema: public; Owner: wspuser
--

ALTER TABLE ONLY order_details
    ADD CONSTRAINT order_details_pkey PRIMARY KEY (order_detail_id);


--
-- Name: orders orders_pkey; Type: CONSTRAINT; Schema: public; Owner: wspuser
--

ALTER TABLE ONLY orders
    ADD CONSTRAINT orders_pkey PRIMARY KEY (order_id);


--
-- Name: student_courses student_courses_pkey; Type: CONSTRAINT; Schema: public; Owner: wspuser
--

ALTER TABLE ONLY student_courses
    ADD CONSTRAINT student_courses_pkey PRIMARY KEY (student_course_id);


--
-- Name: students students_pkey; Type: CONSTRAINT; Schema: public; Owner: wspuser
--

ALTER TABLE ONLY students
    ADD CONSTRAINT students_pkey PRIMARY KEY (student_id);


--
-- Name: textbooks textbooks_pkey; Type: CONSTRAINT; Schema: public; Owner: wspuser
--

ALTER TABLE ONLY textbooks
    ADD CONSTRAINT textbooks_pkey PRIMARY KEY (textbook_id);


--
-- Name: order_details order_details_order_id_fkey; Type: FK CONSTRAINT; Schema: public; Owner: wspuser
--

ALTER TABLE ONLY order_details
    ADD CONSTRAINT order_details_order_id_fkey FOREIGN KEY (order_id) REFERENCES orders(order_id);


--
-- Name: order_details order_details_textbook_id_fkey; Type: FK CONSTRAINT; Schema: public; Owner: wspuser
--

ALTER TABLE ONLY order_details
    ADD CONSTRAINT order_details_textbook_id_fkey FOREIGN KEY (textbook_id) REFERENCES textbooks(textbook_id);


--
-- Name: orders orders_student_id_fkey; Type: FK CONSTRAINT; Schema: public; Owner: wspuser
--

ALTER TABLE ONLY orders
    ADD CONSTRAINT orders_student_id_fkey FOREIGN KEY (student_id) REFERENCES students(student_id);


--
-- Name: student_courses student_courses_course_id_fkey; Type: FK CONSTRAINT; Schema: public; Owner: wspuser
--

ALTER TABLE ONLY student_courses
    ADD CONSTRAINT student_courses_course_id_fkey FOREIGN KEY (course_id) REFERENCES courses(course_id);


--
-- Name: student_courses student_courses_student_id_fkey; Type: FK CONSTRAINT; Schema: public; Owner: wspuser
--

ALTER TABLE ONLY student_courses
    ADD CONSTRAINT student_courses_student_id_fkey FOREIGN KEY (student_id) REFERENCES students(student_id);


--
-- Name: textbooks textbooks_course_id_fkey; Type: FK CONSTRAINT; Schema: public; Owner: wspuser
--

ALTER TABLE ONLY textbooks
    ADD CONSTRAINT textbooks_course_id_fkey FOREIGN KEY (course_id) REFERENCES courses(course_id);


--
-- PostgreSQL database dump complete
--

